DROP DATABASE IF EXISTS escola_db;
CREATE DATABASE escola_db;
USE escola_db;

CREATE TABLE professores (
    id_professor INT PRIMARY KEY,
    nome VARCHAR(100) NOT NULL,
    email VARCHAR(120) UNIQUE NOT NULL,
    area VARCHAR(80) NOT NULL
);

CREATE TABLE cursos (
    id_curso INT PRIMARY KEY,
    nome VARCHAR(120) NOT NULL,
    carga_horaria INT NOT NULL,
    area VARCHAR(80) NOT NULL
);

CREATE TABLE turmas (
    id_turma INT PRIMARY KEY,
    id_curso INT NOT NULL,
    id_professor INT NOT NULL,
    nome_turma VARCHAR(60) NOT NULL,
    turno VARCHAR(20) NOT NULL,
    periodo VARCHAR(20) NOT NULL,
    capacidade INT NOT NULL,
    FOREIGN KEY (id_curso) REFERENCES cursos(id_curso),
    FOREIGN KEY (id_professor) REFERENCES professores(id_professor)
);

CREATE TABLE alunos (
    id_aluno INT PRIMARY KEY,
    nome VARCHAR(100) NOT NULL,
    email VARCHAR(120) UNIQUE NOT NULL,
    data_nascimento DATE,
    cidade VARCHAR(80) NOT NULL
);

CREATE TABLE matriculas (
    id_matricula INT PRIMARY KEY,
    id_aluno INT NOT NULL,
    id_turma INT NOT NULL,
    data_matricula DATE NOT NULL,
    status VARCHAR(20) NOT NULL,
    FOREIGN KEY (id_aluno) REFERENCES alunos(id_aluno),
    FOREIGN KEY (id_turma) REFERENCES turmas(id_turma)
);

CREATE TABLE notas (
    id_nota INT PRIMARY KEY,
    id_matricula INT NOT NULL,
    nota1 DECIMAL(4,2) NOT NULL,
    nota2 DECIMAL(4,2) NOT NULL,
    nota3 DECIMAL(4,2) NOT NULL,
    media DECIMAL(4,2) NOT NULL,
    FOREIGN KEY (id_matricula) REFERENCES matriculas(id_matricula)
);

INSERT INTO professores (id_professor, nome, email, area) VALUES
(1, 'Ana Paula Souza', 'ana.souza@iteam.edu.br', 'Banco de Dados'),
(2, 'Bruno Lima', 'bruno.lima@iteam.edu.br', 'Programação Web'),
(3, 'Carla Mendes', 'carla.mendes@iteam.edu.br', 'Redes e Infraestrutura'),
(4, 'Diego Almeida', 'diego.almeida@iteam.edu.br', 'Engenharia de Software'),
(5, 'Elaine Costa', 'elaine.costa@iteam.edu.br', 'Segurança da Informação'),
(6, 'Fernando Rocha', 'fernando.rocha@iteam.edu.br', 'Lógica de Programação');

INSERT INTO cursos (id_curso, nome, carga_horaria, area) VALUES
(1, 'Banco de Dados e SQL', 60, 'Dados'),
(2, 'Desenvolvimento Web Front-end', 80, 'Desenvolvimento Web'),
(3, 'Desenvolvimento Web Back-end', 80, 'Desenvolvimento Web'),
(4, 'Redes de Computadores', 60, 'Infraestrutura'),
(5, 'Segurança da Informação', 60, 'Segurança'),
(6, 'Lógica de Programação', 40, 'Programação');

INSERT INTO turmas (id_turma, id_curso, id_professor, nome_turma, turno, periodo, capacidade) VALUES
(1, 1, 1, 'BD-01', 'Manhã', '2026.1', 30),
(2, 1, 1, 'BD-02', 'Noite', '2026.1', 30),
(3, 2, 2, 'WEBF-01', 'Tarde', '2026.1', 35),
(4, 3, 2, 'WEBB-01', 'Noite', '2026.1', 35),
(5, 4, 3, 'REDES-01', 'Manhã', '2026.1', 25),
(6, 5, 5, 'SEG-01', 'Tarde', '2026.1', 25),
(7, 6, 6, 'LOG-01', 'Manhã', '2026.1', 40),
(8, 3, 4, 'WEBB-02', 'Tarde', '2026.2', 35),
(9, 2, 2, 'WEBF-02', 'Noite', '2026.2', 35),
(10, 1, 1, 'BD-03', 'Tarde', '2026.2', 30);

INSERT INTO alunos (id_aluno, nome, email, data_nascimento, cidade) VALUES
(1, 'Adriana Nogueira', 'adriana.nogueira1@email.com', '2003-03-13', 'Caracaraí'),
(2, 'Alan Ribeiro', 'alan.ribeiro2@email.com', '1999-09-04', 'Manaus'),
(3, 'Aline Batista', 'aline.batista3@email.com', '1998-09-07', 'Boa Vista'),
(4, 'Amanda Queiroz', 'amanda.queiroz4@email.com', '2004-07-03', 'Boa Vista'),
(5, 'Anderson Martins', 'anderson.martins5@email.com', '2006-07-02', 'Cantá'),
(6, 'Andreia Lopes', 'andreia.lopes6@email.com', '1999-04-21', 'Caracaraí'),
(7, 'Arthur Freitas', 'arthur.freitas7@email.com', '1998-10-19', 'Manaus'),
(8, 'Bianca Moraes', 'bianca.moraes8@email.com', '2001-01-18', 'Bonfim'),
(9, 'Brenda Carvalho', 'brenda.carvalho9@email.com', '2002-07-05', 'Rorainópolis'),
(10, 'Caio Henrique Santos', 'caio.henrique.santos10@email.com', '2007-05-18', 'Cantá'),
(11, 'Camila Ferreira', 'camila.ferreira11@email.com', '2000-02-19', 'Rorainópolis'),
(12, 'Carlos Eduardo Lima', 'carlos.eduardo.lima12@email.com', '2001-06-04', 'Rorainópolis'),
(13, 'Cecília Barros', 'cecilia.barros13@email.com', '1999-10-02', 'Caracaraí'),
(14, 'Cláudia Rezende', 'claudia.rezende14@email.com', '2005-11-18', 'Manaus'),
(15, 'Daniela Azevedo', 'daniela.azevedo15@email.com', '2003-08-19', 'Alto Alegre'),
(16, 'Danilo Castro', 'danilo.castro16@email.com', '2003-05-08', 'Cantá'),
(17, 'Débora Viana', 'debora.viana17@email.com', '2001-02-19', 'Boa Vista'),
(18, 'Diego Furtado', 'diego.furtado18@email.com', '2005-06-24', 'Manaus'),
(19, 'Eduarda Sales', 'eduarda.sales19@email.com', '2007-02-04', 'Pacaraima'),
(20, 'Elias Moura', 'elias.moura20@email.com', '2000-06-05', 'Alto Alegre'),
(21, 'Elisa Fernandes', 'elisa.fernandes21@email.com', '2004-01-22', 'Boa Vista'),
(22, 'Emerson Duarte', 'emerson.duarte22@email.com', '2006-10-26', 'Bonfim'),
(23, 'Estela Pires', 'estela.pires23@email.com', '2003-06-23', 'Manaus'),
(24, 'Fabiana Gomes', 'fabiana.gomes24@email.com', '2005-10-26', 'Manaus'),
(25, 'Felipe Aragão', 'felipe.aragao25@email.com', '1999-05-16', 'Caracaraí'),
(26, 'Fernanda Melo', 'fernanda.melo26@email.com', '1999-01-24', 'Mucajaí'),
(27, 'Gabriel Tavares', 'gabriel.tavares27@email.com', '2007-11-27', 'Manaus'),
(28, 'Giovana Matos', 'giovana.matos28@email.com', '2004-11-12', 'Boa Vista'),
(29, 'Gustavo Siqueira', 'gustavo.siqueira29@email.com', '2005-06-06', 'Rorainópolis'),
(30, 'Helena Diniz', 'helena.diniz30@email.com', '2005-01-07', 'Cantá'),
(31, 'Henrique Paiva', 'henrique.paiva31@email.com', '2000-12-08', 'Manaus'),
(32, 'Isabela Monteiro', 'isabela.monteiro32@email.com', '2005-02-06', 'Manaus'),
(33, 'Jéssica Andrade', 'jessica.andrade33@email.com', '2006-05-05', 'Cantá'),
(34, 'João Pedro Neves', 'joao.pedro.neves34@email.com', '2006-05-23', 'Manaus'),
(35, 'Jonas Maciel', 'jonas.maciel35@email.com', '2003-11-13', 'Normandia'),
(36, 'Júlia Peixoto', 'julia.peixoto36@email.com', '2000-02-06', 'Boa Vista'),
(37, 'Karen Cristina Alves', 'karen.cristina.alves37@email.com', '2001-01-16', 'Cantá'),
(38, 'Larissa Nascimento', 'larissa.nascimento38@email.com', '2000-05-10', 'Boa Vista'),
(39, 'Leonardo Cunha', 'leonardo.cunha39@email.com', '2004-09-12', 'Rorainópolis'),
(40, 'Letícia Moreira', 'leticia.moreira40@email.com', '2003-03-23', 'Bonfim'),
(41, 'Lucas Vinícius Rocha', 'lucas.vinicius.rocha41@email.com', '2007-11-22', 'Mucajaí'),
(42, 'Luana Barbosa', 'luana.barbosa42@email.com', '2005-11-26', 'Rorainópolis'),
(43, 'Marcelo Torres', 'marcelo.torres43@email.com', '2004-07-13', 'Boa Vista'),
(44, 'Mariana Rios', 'mariana.rios44@email.com', '2004-01-07', 'Boa Vista'),
(45, 'Mateus Cardoso', 'mateus.cardoso45@email.com', '2001-08-06', 'Boa Vista'),
(46, 'Milena Teodoro', 'milena.teodoro46@email.com', '2007-01-04', 'Boa Vista'),
(47, 'Natália Campos', 'natalia.campos47@email.com', '2000-09-04', 'Alto Alegre'),
(48, 'Nicolas Pacheco', 'nicolas.pacheco48@email.com', '2007-01-03', 'Bonfim'),
(49, 'Patrícia Lemos', 'patricia.lemos49@email.com', '2007-07-05', 'Caracaraí'),
(50, 'Paulo Ricardo Silva', 'paulo.ricardo.silva50@email.com', '2003-10-12', 'Pacaraima'),
(51, 'Rafaela Correia', 'rafaela.correia51@email.com', '1999-08-15', 'Pacaraima'),
(52, 'Ramon Vieira', 'ramon.vieira52@email.com', '2002-02-05', 'Boa Vista'),
(53, 'Renata Chaves', 'renata.chaves53@email.com', '2003-12-09', 'Pacaraima'),
(54, 'Ricardo Benevides', 'ricardo.benevides54@email.com', '2000-09-01', 'Boa Vista'),
(55, 'Roberta Farias', 'roberta.farias55@email.com', '2006-06-05', 'Caracaraí'),
(56, 'Rodrigo Holanda', 'rodrigo.holanda56@email.com', '1998-09-10', 'Normandia'),
(57, 'Sabrina Mota', 'sabrina.mota57@email.com', '1999-12-28', 'Boa Vista'),
(58, 'Samuel Pinheiro', 'samuel.pinheiro58@email.com', '2003-03-12', 'Cantá'),
(59, 'Sara Beatriz Costa', 'sara.beatriz.costa59@email.com', '2006-09-25', 'Pacaraima'),
(60, 'Talita Xavier', 'talita.xavier60@email.com', '2001-10-26', 'Cantá'),
(61, 'Thiago Amaral', 'thiago.amaral61@email.com', '2001-04-27', 'Manaus'),
(62, 'Vanessa Guimarães', 'vanessa.guimaraes62@email.com', '2001-04-17', 'Pacaraima'),
(63, 'Vinícius Porto', 'vinicius.porto63@email.com', '1998-01-26', 'Boa Vista'),
(64, 'Vitória Cristina Dias', 'vitoria.cristina.dias64@email.com', '2002-04-23', 'Rorainópolis'),
(65, 'Wellington Nunes', 'wellington.nunes65@email.com', '2003-08-26', 'Alto Alegre'),
(66, 'Yasmin Soares', 'yasmin.soares66@email.com', '2003-06-03', 'Boa Vista'),
(67, 'Yuri Delgado', 'yuri.delgado67@email.com', '2001-08-07', 'Manaus'),
(68, 'Zuleica Almeida', 'zuleica.almeida68@email.com', '2005-10-20', 'Bonfim'),
(69, 'Otávio Menezes', 'otavio.menezes69@email.com', '2005-11-12', 'Cantá'),
(70, 'Priscila Duarte', 'priscila.duarte70@email.com', '1999-11-04', 'Alto Alegre');

INSERT INTO matriculas (id_matricula, id_aluno, id_turma, data_matricula, status) VALUES
(1, 1, 1, '2026-01-02', 'Ativa'),
(2, 2, 1, '2026-01-03', 'Ativa'),
(3, 3, 1, '2026-01-04', 'Ativa'),
(4, 4, 1, '2026-01-05', 'Ativa'),
(5, 5, 1, '2026-01-06', 'Ativa'),
(6, 6, 1, '2026-01-07', 'Ativa'),
(7, 7, 1, '2026-01-08', 'Ativa'),
(8, 8, 1, '2026-01-09', 'Ativa'),
(9, 9, 1, '2026-01-10', 'Ativa'),
(10, 10, 1, '2026-01-11', 'Ativa'),
(11, 11, 1, '2026-01-12', 'Concluída'),
(12, 12, 1, '2026-01-13', 'Ativa'),
(13, 13, 2, '2026-01-14', 'Ativa'),
(14, 14, 2, '2026-01-15', 'Ativa'),
(15, 15, 2, '2026-01-16', 'Ativa'),
(16, 16, 2, '2026-01-17', 'Ativa'),
(17, 17, 2, '2026-01-18', 'Ativa'),
(18, 18, 2, '2026-01-19', 'Ativa'),
(19, 19, 2, '2026-01-20', 'Ativa'),
(20, 20, 2, '2026-01-21', 'Ativa'),
(21, 21, 2, '2026-01-22', 'Ativa'),
(22, 22, 2, '2026-01-23', 'Concluída'),
(23, 23, 3, '2026-01-24', 'Ativa'),
(24, 24, 3, '2026-01-25', 'Ativa'),
(25, 25, 3, '2026-01-26', 'Ativa'),
(26, 26, 3, '2026-01-27', 'Ativa'),
(27, 27, 3, '2026-01-28', 'Ativa'),
(28, 28, 3, '2026-01-01', 'Ativa'),
(29, 29, 3, '2026-01-02', 'Ativa'),
(30, 30, 3, '2026-01-03', 'Ativa'),
(31, 31, 3, '2026-01-04', 'Ativa'),
(32, 32, 4, '2026-01-05', 'Ativa'),
(33, 33, 4, '2026-01-06', 'Concluída'),
(34, 34, 4, '2026-01-07', 'Ativa'),
(35, 35, 4, '2026-01-08', 'Ativa'),
(36, 36, 4, '2026-01-09', 'Ativa'),
(37, 37, 4, '2026-01-10', 'Ativa'),
(38, 38, 4, '2026-01-11', 'Ativa'),
(39, 39, 4, '2026-01-12', 'Ativa'),
(40, 40, 5, '2026-01-13', 'Ativa'),
(41, 41, 5, '2026-01-14', 'Ativa'),
(42, 42, 5, '2026-01-15', 'Ativa'),
(43, 43, 5, '2026-01-16', 'Ativa'),
(44, 44, 5, '2026-01-17', 'Concluída'),
(45, 45, 5, '2026-01-18', 'Ativa'),
(46, 46, 6, '2026-01-19', 'Ativa'),
(47, 47, 6, '2026-01-20', 'Ativa'),
(48, 48, 6, '2026-01-21', 'Ativa'),
(49, 49, 6, '2026-01-22', 'Ativa'),
(50, 50, 6, '2026-01-23', 'Ativa'),
(51, 51, 6, '2026-01-24', 'Ativa'),
(52, 52, 7, '2026-01-25', 'Ativa'),
(53, 53, 7, '2026-01-26', 'Ativa'),
(54, 54, 7, '2026-01-27', 'Ativa'),
(55, 55, 7, '2026-01-28', 'Concluída'),
(56, 56, 7, '2026-01-01', 'Ativa'),
(57, 57, 7, '2026-01-02', 'Ativa'),
(58, 58, 7, '2026-01-03', 'Ativa'),
(59, 59, 8, '2026-01-04', 'Ativa'),
(60, 60, 8, '2026-01-05', 'Ativa'),
(61, 61, 8, '2026-01-06', 'Ativa'),
(62, 62, 8, '2026-01-07', 'Ativa'),
(63, 63, 9, '2026-01-08', 'Ativa'),
(64, 64, 9, '2026-01-09', 'Ativa'),
(65, 65, 9, '2026-01-10', 'Ativa'),
(66, 66, 9, '2026-01-11', 'Concluída'),
(67, 67, 10, '2026-01-12', 'Ativa'),
(68, 68, 10, '2026-01-13', 'Ativa'),
(69, 69, 10, '2026-01-14', 'Ativa'),
(70, 70, 10, '2026-01-15', 'Ativa');

INSERT INTO notas (id_nota, id_matricula, nota1, nota2, nota3, media) VALUES
(1, 1, 6.5, 6.5, 5.8, 6.27),
(2, 2, 5.4, 6.9, 5.8, 6.03),
(3, 3, 7.3, 7.7, 6.3, 7.1),
(4, 4, 6.7, 8.0, 7.4, 7.37),
(5, 5, 6.5, 6.4, 6.4, 6.43),
(6, 6, 8.6, 8.3, 6.8, 7.9),
(7, 7, 6.3, 6.7, 5.9, 6.3),
(8, 8, 5.5, 6.0, 5.0, 5.5),
(9, 9, 5.0, 7.3, 6.6, 6.3),
(10, 10, 6.6, 7.6, 6.4, 6.87),
(11, 11, 7.8, 7.7, 6.2, 7.23),
(12, 12, 6.7, 6.8, 6.6, 6.7),
(13, 13, 8.3, 7.5, 7.9, 7.9),
(14, 14, 5.1, 7.0, 5.6, 5.9),
(15, 15, 6.2, 6.6, 7.3, 6.7),
(16, 16, 6.5, 7.7, 6.7, 6.97),
(17, 17, 7.1, 7.1, 5.9, 6.7),
(18, 18, 7.3, 6.6, 6.2, 6.7),
(19, 19, 8.5, 7.0, 7.7, 7.73),
(20, 20, 8.6, 8.2, 7.7, 8.17),
(21, 21, 6.0, 6.1, 6.7, 6.27),
(22, 22, 5.4, 6.5, 5.7, 5.87),
(23, 23, 6.7, 7.9, 7.2, 7.27),
(24, 24, 7.7, 8.2, 8.5, 8.13),
(25, 25, 7.8, 8.2, 7.9, 7.97),
(26, 26, 8.3, 8.7, 8.1, 8.37),
(27, 27, 8.7, 8.5, 9.7, 8.97),
(28, 28, 7.0, 7.4, 7.6, 7.33),
(29, 29, 6.3, 7.0, 7.9, 7.07),
(30, 30, 8.0, 6.3, 6.3, 6.87),
(31, 31, 7.4, 6.5, 6.9, 6.93),
(32, 32, 7.4, 8.8, 9.1, 8.43),
(33, 33, 9.7, 7.9, 9.3, 8.97),
(34, 34, 9.5, 8.2, 10, 9.23),
(35, 35, 8.1, 6.3, 8.1, 7.5),
(36, 36, 7.1, 7.3, 8.5, 7.63),
(37, 37, 8.5, 6.9, 7.5, 7.63),
(38, 38, 8.1, 7.7, 7.3, 7.7),
(39, 39, 8.0, 8.9, 7.2, 8.03),
(40, 40, 6.9, 6.6, 5.6, 6.37),
(41, 41, 6.7, 7.4, 7.1, 7.07),
(42, 42, 4.0, 6.2, 5.7, 5.3),
(43, 43, 6.5, 4.4, 4.8, 5.23),
(44, 44, 4.6, 6.4, 5.1, 5.37),
(45, 45, 5.2, 5.9, 7.0, 6.03),
(46, 46, 7.7, 6.3, 6.1, 6.7),
(47, 47, 8.3, 7.4, 7.7, 7.8),
(48, 48, 6.6, 6.5, 8.1, 7.07),
(49, 49, 5.3, 4.5, 6.6, 5.47),
(50, 50, 6.2, 6.6, 4.9, 5.9),
(51, 51, 7.1, 5.2, 7.1, 6.47),
(52, 52, 6.9, 6.7, 7.2, 6.93),
(53, 53, 8.4, 6.8, 6.5, 7.23),
(54, 54, 7.8, 7.1, 6.8, 7.23),
(55, 55, 7.3, 7.0, 7.4, 7.23),
(56, 56, 5.5, 5.5, 6.6, 5.87),
(57, 57, 5.8, 6.4, 5.6, 5.93),
(58, 58, 6.3, 5.5, 6.1, 5.97),
(59, 59, 6.4, 8.1, 7.7, 7.4),
(60, 60, 7.2, 7.8, 8.9, 7.97),
(61, 61, 7.3, 9.0, 8.1, 8.13),
(62, 62, 8.6, 9.4, 8.3, 8.77),
(63, 63, 7.0, 7.5, 8.2, 7.57),
(64, 64, 7.0, 8.1, 7.8, 7.63),
(65, 65, 8.0, 7.5, 7.3, 7.6),
(66, 66, 7.0, 7.2, 7.0, 7.07),
(67, 67, 7.0, 5.8, 5.6, 6.13),
(68, 68, 5.8, 7.6, 7.6, 7.0),
(69, 69, 7.5, 6.6, 6.5, 6.87),
(70, 70, 4.5, 4.9, 4.2, 4.53);
